Class,Count,TotalArea,MeanArea,1/MeanArea,TotalPerimeter,MeanPerimeter,MeanAspectRatio,MeanFormFactor,Branches,Branches/mito,TotalBranchLength,TotalBranchLength/mito,MeanBranchLength,BranchJunctions,BranchJunctions/mito,BranchEndPoints,BranchEndPoints/mito,MeanBranchDiameter,,,,,,,,,,,,,,,,,,,,,,,,,,,,,,,,,,,,,,,,,,,,,,,,,,,,
Control,117.000,215.434,1.993,0.522,974.418,8.906,3.222,3.271,173.200,1.586,382.042,3.576,2.222,29.400,0.307,245.000,2.130,0.511,,,,,,,,,,,,,,,,,,,,,,,,,,,,,,,,,,,,,,,,,,,,,,,,,,,,
Control,122.000,160.710,1.482,0.711,760.938,6.846,3.031,2.617,163.333,1.452,269.484,2.496,1.699,21.000,0.233,250.667,2.084,0.500,,,,,,,,,,,,,,,,,,,,,,,,,,,,,,,,,,,,,,,,,,,,,,,,,,,,
Control,100.111,166.828,1.703,0.605,759.051,7.752,3.386,2.897,143.444,1.446,290.471,2.989,2.058,22.333,0.231,209.444,2.096,0.510,,,,,,,,,,,,,,,,,,,,,,,,,,,,,,,,,,,,,,,,,,,,,,,,,,,,
Control,123.250,222.193,1.819,0.554,1015.341,8.299,3.359,3.113,190.375,1.540,402.019,3.296,2.148,35.250,0.284,262.625,2.129,0.504,,,,,,,,,,,,,,,,,,,,,,,,,,,,,,,,,,,,,,,,,,,,,,,,,,,,
Control,126.167,228.000,1.798,0.568,1035.358,8.175,3.233,3.061,191.833,1.533,399.755,3.155,2.049,34.500,0.280,266.167,2.115,0.508,,,,,,,,,,,,,,,,,,,,,,,,,,,,,,,,,,,,,,,,,,,,,,,,,,,,
Control,111.625,184.454,1.654,0.617,831.405,7.449,3.153,2.760,157.125,1.421,311.610,2.794,1.973,23.250,0.215,232.500,2.087,0.518,,,,,,,,,,,,,,,,,,,,,,,,,,,,,,,,,,,,,,,,,,,,,,,,,,,,
Control,113.100,236.181,2.154,0.493,1029.199,9.309,3.235,3.299,179.700,1.642,411.080,3.742,2.247,35.200,0.341,239.100,2.123,0.520,,,,,,,,,,,,,,,,,,,,,,,,,,,,,,,,,,,,,,,,,,,,,,,,,,,,
DNM1L,115.500,235.759,2.115,0.503,1142.981,10.175,3.793,4.029,191.375,1.721,490.278,4.397,2.537,39.250,0.374,252.500,2.207,0.472,,,,,,,,,,,,,,,,,,,,,,,,,,,,,,,,,,,,,,,,,,,,,,,,,,,,
DNM1L,153.500,329.406,2.392,0.471,1494.776,10.620,3.027,3.909,297.000,2.113,640.957,4.651,2.164,74.833,0.583,349.833,2.351,0.488,,,,,,,,,,,,,,,,,,,,,,,,,,,,,,,,,,,,,,,,,,,,,,,,,,,,
DNM1L,281.500,499.475,1.894,0.552,2420.539,9.078,3.395,3.614,432.833,1.582,1005.168,3.827,2.393,78.333,0.302,588.667,2.108,0.478,,,,,,,,,,,,,,,,,,,,,,,,,,,,,,,,,,,,,,,,,,,,,,,,,,,,
DNM1L,204.400,480.050,2.561,0.422,2218.825,11.622,3.337,4.328,398.200,2.071,957.603,5.136,2.432,100.400,0.558,471.600,2.352,0.483,,,,,,,,,,,,,,,,,,,,,,,,,,,,,,,,,,,,,,,,,,,,,,,,,,,,
DNM1L,392.600,458.662,1.227,0.891,2358.077,6.258,3.041,2.682,508.400,1.319,898.938,2.417,1.797,59.800,0.165,779.000,1.998,0.459,,,,,,,,,,,,,,,,,,,,,,,,,,,,,,,,,,,,,,,,,,,,,,,,,,,,
DNM1L,253.400,530.631,2.154,0.471,2496.525,10.107,3.564,3.886,440.200,1.737,1043.933,4.240,2.448,95.400,0.376,567.400,2.241,0.486,,,,,,,,,,,,,,,,,,,,,,,,,,,,,,,,,,,,,,,,,,,,,,,,,,,,
DNM1L,434.750,745.135,2.285,0.522,3741.038,11.086,3.445,4.453,717.250,2.010,1593.568,5.042,2.406,146.250,0.526,948.250,2.327,0.457,,,,,,,,,,,,,,,,,,,,,,,,,,,,,,,,,,,,,,,,,,,,,,,,,,,,
DNM1L,359.400,556.516,1.693,0.616,2846.915,8.470,3.161,3.514,561.000,1.632,1164.056,3.508,2.134,103.000,0.323,766.400,2.163,0.460,,,,,,,,,,,,,,,,,,,,,,,,,,,,,,,,,,,,,,,,,,,,,,,,,,,,
DNM1L,136.250,431.156,3.391,0.316,1809.367,14.126,3.716,4.938,324.000,2.508,887.069,6.966,2.816,99.000,0.802,333.000,2.481,0.489,,,,,,,,,,,,,,,,,,,,,,,,,,,,,,,,,,,,,,,,,,,,,,,,,,,,
DNM1L,131.273,306.725,2.276,0.471,1393.614,10.364,3.271,3.898,250.000,1.892,609.380,4.490,2.351,61.182,0.458,300.364,2.282,0.487,,,,,,,,,,,,,,,,,,,,,,,,,,,,,,,,,,,,,,,,,,,,,,,,,,,,
OTHERMIT,229.333,264.727,1.208,0.885,1340.874,6.073,2.716,2.563,322.000,1.435,498.536,2.287,1.568,49.000,0.230,463.667,2.042,0.468,,,,,,,,,,,,,,,,,,,,,,,,,,,,,,,,,,,,,,,,,,,,,,,,,,,,
OTHERMIT,163.154,188.648,1.223,0.840,940.657,6.045,2.652,2.489,219.538,1.370,339.567,2.217,1.613,29.077,0.191,330.769,2.043,0.477,,,,,,,,,,,,,,,,,,,,,,,,,,,,,,,,,,,,,,,,,,,,,,,,,,,,
OTHERMIT,200.444,340.073,1.743,0.585,1548.885,7.857,3.034,2.935,317.778,1.608,597.217,3.047,1.887,60.556,0.314,428.444,2.140,0.510,,,,,,,,,,,,,,,,,,,,,,,,,,,,,,,,,,,,,,,,,,,,,,,,,,,,
OTHERMIT,141.778,258.313,1.793,0.571,1158.324,8.064,3.094,2.985,230.111,1.614,454.866,3.158,1.946,45.889,0.319,306.111,2.154,0.509,,,,,,,,,,,,,,,,,,,,,,,,,,,,,,,,,,,,,,,,,,,,,,,,,,,,
OTHERMIT,143.667,303.248,2.168,0.482,1288.416,9.225,3.207,3.227,228.222,1.609,502.572,3.628,2.226,43.889,0.316,308.000,2.157,0.532,,,,,,,,,,,,,,,,,,,,,,,,,,,,,,,,,,,,,,,,,,,,,,,,,,,,
OTHERMIT,186.857,228.931,1.272,0.812,1120.364,6.191,2.681,2.519,254.143,1.385,402.969,2.259,1.614,34.000,0.194,380.000,2.048,0.485,,,,,,,,,,,,,,,,,,,,,,,,,,,,,,,,,,,,,,,,,,,,,,,,,,,,
OTHERMIT,138.846,225.548,1.636,0.621,985.840,7.139,2.696,2.578,206.154,1.486,360.133,2.614,1.753,35.692,0.258,284.154,2.051,0.527,,,,,,,,,,,,,,,,,,,,,,,,,,,,,,,,,,,,,,,,,,,,,,,,,,,,